Workbook

Sheet Rules
A1: Ride rules, replayed on every offer this month
A2: Each rule sits on top of what you did: it drops the rides you took that it would have skipped, then fills the freed time with offers you passed on that fit. True profit is after electricity, wear on the car and tires.
A4: Rule | B4: Rides | C4: True profit ($) | D4: Per hour on the road ($) | E4: Versus what you did ($) | F4: Rides you took that it skips | G4: Offers you passed that it takes
A5: What you did | B5: =COUNTIF(Offers!$J$2:$J$239,"Took") | C5: =SUMIFS(Offers!$M$2:$M$239,Offers!$J$2:$J$239,"Took") | D5: =C5/Assumptions!$B$15 | E5: =C5-$C$5 | F5: 0 | G5: 0
A6: Skip pickups over 3 miles | B6: =COUNTIF(Offers!$N$2:$N$239,"Take") | C6: =SUMIFS(Offers!$M$2:$M$239,Offers!$N$2:$N$239,"Take") | D6: =C6/Assumptions!$B$15 | E6: =C6-$C$5 | F6: =COUNTIFS(Offers!$J$2:$J$239,"Took",Offers!$N$2:$N$239,"<>Take") | G6: =COUNTIFS(Offers!$J$2:$J$239,"Passed",Offers!$N$2:$N$239,"Take")
A7: Skip pickups over 2 miles | B7: =COUNTIF(Offers!$O$2:$O$239,"Take") | C7: =SUMIFS(Offers!$M$2:$M$239,Offers!$O$2:$O$239,"Take") | D7: =C7/Assumptions!$B$15 | E7: =C7-$C$5 | F7: =COUNTIFS(Offers!$J$2:$J$239,"Took",Offers!$O$2:$O$239,"<>Take") | G7: =COUNTIFS(Offers!$J$2:$J$239,"Passed",Offers!$O$2:$O$239,"Take")
A8: At least $1 a mile | B8: =COUNTIF(Offers!$P$2:$P$239,"Take") | C8: =SUMIFS(Offers!$M$2:$M$239,Offers!$P$2:$P$239,"Take") | D8: =C8/Assumptions!$B$15 | E8: =C8-$C$5 | F8: =COUNTIFS(Offers!$J$2:$J$239,"Took",Offers!$P$2:$P$239,"<>Take") | G8: =COUNTIFS(Offers!$J$2:$J$239,"Passed",Offers!$P$2:$P$239,"Take")
A9: At least $20 an hour after car costs | B9: =COUNTIF(Offers!$Q$2:$Q$239,"Take") | C9: =SUMIFS(Offers!$M$2:$M$239,Offers!$Q$2:$Q$239,"Take") | D9: =C9/Assumptions!$B$15 | E9: =C9-$C$5 | F9: =COUNTIFS(Offers!$J$2:$J$239,"Took",Offers!$Q$2:$Q$239,"<>Take") | G9: =COUNTIFS(Offers!$J$2:$J$239,"Passed",Offers!$Q$2:$Q$239,"Take")
A10: Take every offer | B10: =COUNTIF(Offers!$R$2:$R$239,"Take") | C10: =SUMIFS(Offers!$M$2:$M$239,Offers!$R$2:$R$239,"Take") | D10: =C10/Assumptions!$B$15 | E10: =C10-$C$5 | F10: =COUNTIFS(Offers!$J$2:$J$239,"Took",Offers!$R$2:$R$239,"<>Take") | G10: =COUNTIFS(Offers!$J$2:$J$239,"Passed",Offers!$R$2:$R$239,"Take")
A12: Rides driven keep their real fare, tip, time and costs. Offers passed on are estimated from their offer cards (see Assumptions).
A13: Hours on the road are the same for every rule, so the per-hour column compares rules fairly.
A14: Say a rule in the app ("What if I skip pickups over 4 miles?") to replay one that isn't listed here.

Sheet Assumptions
A1: Assumptions behind the estimates
A3: Input | B3: Value | C3: Where it comes from
A4: Electricity used per mile (kWh) | B4: 0.24970725 | C4: Tessie drives for the month: energy used over miles driven
A5: Home electricity ($/kWh) | B5: 0.14 | C5: Owner's vehicle profile
A6: Supercharger ($/kWh) | B6: 0.42 | C6: Owner's vehicle profile
A7: Share of charging at Superchargers | B7: 0.25 | C7: Owner's vehicle profile
A8: Blended electricity ($/kWh) | B8: =B5*(1-B7)+B6*B7 | C8: Home and Supercharger rates, weighted by share
A9: Wear on the car ($/mile) | B9: 0.2 | C9: Owner's vehicle profile (depreciation)
A10: Tire set ($) | B10: 1100 | C10: Owner's vehicle profile
A11: Tire life (miles) | B11: 40000 | C11: Owner's vehicle profile
A12: Tire wear ($/mile) | B12: =B10/B11 | C12: Tire set over tire life
A13: Car cost per mile ($) | B13: =B4*B8+B9+B12 | C13: Electricity plus wear plus tires
A14: Tip rate on rides driven | B14: 0.076142969 | C14: Rides driven this month: tips as a share of the fares on their offer cards
A15: Hours on the road | B15: 112.88972 | C15: Real offers and rides, in stretches; a gap over 30 minutes counts as off
A16: Queue window (minutes) | B16: 20 | C16: A passed-on offer counts only if the car is free within this long
A18: Blue values are inputs you can change. Changing them updates the estimated profit of offers that were passed on, and every total on the Rules tab.
A19: Which offers each rule takes (Take, Skip, Busy on the Offers tab) comes from the replay in car/rules.py and does not change when you edit these inputs.
A20: Synthetic data for a fictional operator, Bayou City Mobility LLC. Advice only: no app accepts or declines rides for you.

Sheet Offers
A1: Offered | B1: Platform | C1: Pickup (mi) | D1: Pickup (min) | E1: Trip (mi) | F1: Trip (min) | G1: Fare on card ($) | H1: Fare per mile ($) | I1: Card $/hr after car costs | J1: You | K1: Fare + tip, actual ($) | L1: True profit, actual ($) | M1: True profit used ($) | N1: Skip pickups over 3 miles | O1: Skip pickups over 2 miles | P1: At least $1 a mile | Q1: At least $20 an hour after car costs | R1: Take every offer | S1: Offer ID
A2: 46296.404 | B2: Uber | C2: 1.79 | D2: 6.7 | E2: 16.72 | F2: 44 | G2: 30.12 | H2: =IFERROR(G2/(C2+E2),0) | I2: =IFERROR((G2-(C2+E2)*Assumptions!$B$13)/((D2+F2)/60),0) | J2: Passed | M2: =IF(J2="Took",L2,ROUND(G2*(1+Assumptions!$B$14)-(C2+E2)*Assumptions!$B$13,2)) | N2: Busy | O2: Take | P2: Busy | Q2: Busy | R2: Busy | S2: f74c76
A3: 46296.406 | B3: Uber | C3: 2.27 | D3: 8.6 | E3: 9.52 | F3: 27.1 | G3: 17.12 | H3: =IFERROR(G3/(C3+E3),0) | I3: =IFERROR((G3-(C3+E3)*Assumptions!$B$13)/((D3+F3)/60),0) | J3: Took | K3: 27.98 | L3: 24.67 | M3: =IF(J3="Took",L3,ROUND(G3*(1+Assumptions!$B$14)-(C3+E3)*Assumptions!$B$13,2)) | N3: Take | O3: Skip | P3: Take | Q3: Take | R3: Take | S3: 88ca7f
A4: 46296.5 | B4: Lyft | C4: 4.44 | D4: 13.6 | E4: 7.06 | F4: 22.4 | G4: 16.2 | H4: =IFERROR(G4/(C4+E4),0) | I4: =IFERROR((G4-(C4+E4)*Assumptions!$B$13)/((D4+F4)/60),0) | J4: Passed | M4: =IF(J4="Took",L4,ROUND(G4*(1+Assumptions!$B$14)-(C4+E4)*Assumptions!$B$13,2)) | N4: Skip | O4: Skip | P4: Busy | Q4: Busy | R4: Busy | S4: d7b99d
A5: 46296.508 | B5: Lyft | C5: 1.35 | D5: 5.8 | E5: 12.07 | F5: 30.6 | G5: 41.66 | H5: =IFERROR(G5/(C5+E5),0) | I5: =IFERROR((G5-(C5+E5)*Assumptions!$B$13)/((D5+F5)/60),0) | J5: Took | K5: 41.66 | L5: 37.92 | M5: =IF(J5="Took",L5,ROUND(G5*(1+Assumptions!$B$14)-(C5+E5)*Assumptions!$B$13,2)) | N5: Take | O5: Take | P5: Take | Q5: Take | R5: Take | S5: baf4b8
A6: 46296.595 | B6: Uber | C6: 1.25 | D6: 5.3 | E6: 21.85 | F6: 52.1 | G6: 39.51 | H6: =IFERROR(G6/(C6+E6),0) | I6: =IFERROR((G6-(C6+E6)*Assumptions!$B$13)/((D6+F6)/60),0) | J6: Passed | M6: =IF(J6="Took",L6,ROUND(G6*(1+Assumptions!$B$14)-(C6+E6)*Assumptions!$B$13,2)) | N6: Busy | O6: Busy | P6: Busy | Q6: Busy | R6: Busy | S6: d6a95d
A7: 46296.607 | B7: Uber | C7: 0.74 | D7: 3.6 | E7: 11.66 | F7: 31.5 | G7: 20.58 | H7: =IFERROR(G7/(C7+E7),0) | I7: =IFERROR((G7-(C7+E7)*Assumptions!$B$13)/((D7+F7)/60),0) | J7: Took | K7: 20.58 | L7: 17.14 | M7: =IF(J7="Took",L7,ROUND(G7*(1+Assumptions!$B$14)-(C7+E7)*Assumptions!$B$13,2)) | N7: Take | O7: Take | P7: Take | Q7: Take | R7: Take | S7: 3026c5
A8: 46296.614 | B8: Uber | C8: 2.06 | D8: 7.3 | E8: 11.98 | F8: 29.7 | G8: 23.41 | H8: =IFERROR(G8/(C8+E8),0) | I8: =IFERROR((G8-(C8+E8)*Assumptions!$B$13)/((D8+F8)/60),0) | J8: Passed | M8: =IF(J8="Took",L8,ROUND(G8*(1+Assumptions!$B$14)-(C8+E8)*Assumptions!$B$13,2)) | N8: Busy | O8: Skip | P8: Busy | Q8: Busy | R8: Busy | S8: 9fc858
A9: 46296.625 | B9: Uber | C9: 1.75 | D9: 7.5 | E9: 8.65 | F9: 28.1 | G9: 8.9 | H9: =IFERROR(G9/(C9+E9),0) | I9: =IFERROR((G9-(C9+E9)*Assumptions!$B$13)/((D9+F9)/60),0) | J9: Took | K9: 8.9 | L9: 6.02 | M9: =IF(J9="Took",L9,ROUND(G9*(1+Assumptions!$B$14)-(C9+E9)*Assumptions!$B$13,2)) | N9: Take | O9: Take | P9: Skip | Q9: Skip | R9: Take | S9: ab2047
A10: 46296.738 | B10: Uber | C10: 3.08 | D10: 10 | E10: 5.61 | F10: 17 | G10: 11.8 | H10: =IFERROR(G10/(C10+E10),0) | I10: =IFERROR((G10-(C10+E10)*Assumptions!$B$13)/((D10+F10)/60),0) | J10: Passed | M10: =IF(J10="Took",L10,ROUND(G10*(1+Assumptions!$B$14)-(C10+E10)*Assumptions!$B$13,2)) | N10: Skip | O10: Skip | P10: Busy | Q10: Busy | R10: Busy | S10: a3a684
A11: 46296.749 | B11: Uber | C11: 0.37 | D11: 3.6 | E11: 8.69 | F11: 24.2 | G11: 17.79 | H11: =IFERROR(G11/(C11+E11),0) | I11: =IFERROR((G11-(C11+E11)*Assumptions!$B$13)/((D11+F11)/60),0) | J11: Took | K11: 23.19 | L11: 20.64 | M11: =IF(J11="Took",L11,ROUND(G11*(1+Assumptions!$B$14)-(C11+E11)*Assumptions!$B$13,2)) | N11: Take | O11: Take | P11: Take | Q11: Take | R11: Take | S11: 6b8bbd
A12: 46296.777 | B12: Uber | C12: 1.19 | D12: 5.1 | E12: 7.7 | F12: 23.4 | G12: 17.23 | H12: =IFERROR(G12/(C12+E12),0) | I12: =IFERROR((G12-(C12+E12)*Assumptions!$B$13)/((D12+F12)/60),0) | J12: Passed | M12: =IF(J12="Took",L12,ROUND(G12*(1+Assumptions!$B$14)-(C12+E12)*Assumptions!$B$13,2)) | N12: Busy | O12: Busy | P12: Busy | Q12: Busy | R12: Busy | S12: e2013e
A13: 46296.79 | B13: Uber | C13: 0.82 | D13: 5.1 | E13: 8.16 | F13: 26.6 | G13: 18.84 | H13: =IFERROR(G13/(C13+E13),0) | I13: =IFERROR((G13-(C13+E13)*Assumptions!$B$13)/((D13+F13)/60),0) | J13: Took | K13: 18.84 | L13: 16.35 | M13: =IF(J13="Took",L13,ROUND(G13*(1+Assumptions!$B$14)-(C13+E13)*Assumptions!$B$13,2)) | N13: Take | O13: Take | P13: Take | Q13: Take | R13: Take | S13: 114f2a
A14: 46297.266 | B14: Uber | C14: 3.99 | D14: 12.4 | E14: 13.19 | F14: 34 | G14: 23.73 | H14: =IFERROR(G14/(C14+E14),0) | I14: =IFERROR((G14-(C14+E14)*Assumptions!$B$13)/((D14+F14)/60),0) | J14: Passed | M14: =IF(J14="Took",L14,ROUND(G14*(1+Assumptions!$B$14)-(C14+E14)*Assumptions!$B$13,2)) | N14: Skip | O14: Skip | P14: Busy | Q14: Busy | R14: Busy | S14: 1bec76
A15: 46297.272 | B15: Uber | C15: 1.94 | D15: 7.5 | E15: 7.97 | F15: 23.8 | G15: 16.45 | H15: =IFERROR(G15/(C15+E15),0) | I15: =IFERROR((G15-(C15+E15)*Assumptions!$B$13)/((D15+F15)/60),0) | J15: Took | K15: 16.45 | L15: 13.67 | M15: =IF(J15="Took",L15,ROUND(G15*(1+Assumptions!$B$14)-(C15+E15)*Assumptions!$B$13,2)) | N15: Take | O15: Take | P15: Take | Q15: Take | R15: Take | S15: a620b2
A16: 46297.437 | B16: Lyft | C16: 4.52 | D16: 13.8 | E16: 17.45 | F16: 42.1 | G16: 30.42 | H16: =IFERROR(G16/(C16+E16),0) | I16: =IFERROR((G16-(C16+E16)*Assumptions!$B$13)/((D16+F16)/60),0) | J16: Passed | M16: =IF(J16="Took",L16,ROUND(G16*(1+Assumptions!$B$14)-(C16+E16)*Assumptions!$B$13,2)) | N16: Skip | O16: Skip | P16: Busy | Q16: Busy | R16: Busy | S16: 991f83
A17: 46297.44 | B17: Uber | C17: 1.41 | D17: 6.3 | E17: 8.06 | F17: 21.3 | G17: 27.12 | H17: =IFERROR(G17/(C17+E17),0) | I17: =IFERROR((G17-(C17+E17)*Assumptions!$B$13)/((D17+F17)/60),0) | J17: Took | K17: 27.12 | L17: 24.46 | M17: =IF(J17="Took",L17,ROUND(G17*(1+Assumptions!$B$14)-(C17+E17)*Assumptions!$B$13,2)) | N17: Take | O17: Take | P17: Take | Q17: Take | R17: Take | S17: 69493b
A18: 46297.501 | B18: Uber | C18: 5.73 | D18: 16.9 | E18: 14.74 | F18: 39.6 | G18: 28.3 | H18: =IFERROR(G18/(C18+E18),0) | I18: =IFERROR((G18-(C18+E18)*Assumptions!$B$13)/((D18+F18)/60),0) | J18: Passed | M18: =IF(J18="Took",L18,ROUND(G18*(1+Assumptions!$B$14)-(C18+E18)*Assumptions!$B$13,2)) | N18: Skip | O18: Skip | P18: Busy | Q18: Busy | R18: Busy | S18: 4ae5b9
A19: 46297.51 | B19: Uber | C19: 0.67 | D19: 3.5 | E19: 25.62 | F19: 60.5 | G19: 56.87 | H19: =IFERROR(G19/(C19+E19),0) | I19: =IFERROR((G19-(C19+E19)*Assumptions!$B$13)/((D19+F19)/60),0) | J19: Took | K19: 56.87 | L19: 49.46 | M19: =IF(J19="Took",L19,ROUND(G19*(1+Assumptions!$B$14)-(C19+E19)*Assumptions!$B$13,2)) | N19: Take | O19: Take | P19: Take | Q19: Take | R19: Take | S19: 28895a
A20: 46297.618 | B20: Uber | C20: 2.84 | D20: 9.4 | E20: 2.61 | F20: 10.3 | G20: 8.61 | H20: =IFERROR(G20/(C20+E20),0) | I20: =IFERROR((G20-(C20+E20)*Assumptions!$B$13)/((D20+F20)/60),0) | J20: Passed | M20: =IF(J20="Took",L20,ROUND(G20*(1+Assumptions!$B$14)-(C20+E20)*Assumptions!$B$13,2)) | N20: Busy | O20: Skip | P20: Busy | Q20: Busy | R20: Busy | S20: 57e76b
A21: 46297.622 | B21: Uber | C21: 1.55 | D21: 6.9 | E21: 7.39 | F21: 19.4 | G21: 22.7 | H21: =IFERROR(G21/(C21+E21),0) | I21: =IFERROR((G21-(C21+E21)*Assumptions!$B$13)/((D21+F21)/60),0) | J21: Took | K21: 22.7 | L21: 20.17 | M21: =IF(J21="Took",L21,ROUND(G21*(1+Assumptions!$B$14)-(C21+E21)*Assumptions!$B$13,2)) | N21: Take | O21: Take | P21: Take | Q21: Take | R21: Take | S21: 3b2f8f
A22: 46297.638 | B22: Uber | C22: 1.56 | D22: 6.4 | E22: 21.11 | F22: 55.9 | G22: 50.63 | H22: =IFERROR(G22/(C22+E22),0) | I22: =IFERROR((G22-(C22+E22)*Assumptions!$B$13)/((D22+F22)/60),0) | J22: Took | K22: 50.63 | L22: 44.3 | M22: =IF(J22="Took",L22,ROUND(G22*(1+Assumptions!$B$14)-(C22+E22)*Assumptions!$B$13,2)) | N22: Take | O22: Take | P22: Take | Q22: Take | R22: Take | S22: bb9e55
A23: 46297.639 | B23: Uber | C23: 3.01 | D23: 9.8 | E23: 16.45 | F23: 40.4 | G23: 31.12 | H23: =IFERROR(G23/(C23+E23),0) | I23: =IFERROR((G23-(C23+E23)*Assumptions!$B$13)/((D23+F23)/60),0) | J23: Passed | M23: =IF(J23="Took",L23,ROUND(G23*(1+Assumptions!$B$14)-(C23+E23)*Assumptions!$B$13,2)) | N23: Skip | O23: Skip | P23: Busy | Q23: Busy | R23: Busy | S23: 61be3f
A24: 46297.647 | B24: Uber | C24: 3.21 | D24: 11 | E24: 3.27 | F24: 16.4 | G24: 17.92 | H24: =IFERROR(G24/(C24+E24),0) | I24: =IFERROR((G24-(C24+E24)*Assumptions!$B$13)/((D24+F24)/60),0) | J24: Took | K24: 20.06 | L24: 18.25 | M24: =IF(J24="Took",L24,ROUND(G24*(1+Assumptions!$B$14)-(C24+E24)*Assumptions!$B$13,2)) | N24: Skip | O24: Skip | P24: Take | Q24: Take | R24: Take | S24: ce9bca
A25: 46297.868 | B25: Uber | C25: 1.1 | D25: 4.2 | E25: 7.6 | F25: 25.1 | G25: 11.2 | H25: =IFERROR(G25/(C25+E25),0) | I25: =IFERROR((G25-(C25+E25)*Assumptions!$B$13)/((D25+F25)/60),0) | J25: Took | K25: 11.2 | L25: 8.79 | M25: =IF(J25="Took",L25,ROUND(G25*(1+Assumptions!$B$14)-(C25+E25)*Assumptions!$B$13,2)) | N25: Take | O25: Take | P25: Take | Q25: Skip | R25: Take | S25: 474af1
A26: 46299.601 | B26: Uber | C26: 5.3 | D26: 15.8 | E26: 13.31 | F26: 33.6 | G26: 26.64 | H26: =IFERROR(G26/(C26+E26),0) | I26: =IFERROR((G26-(C26+E26)*Assumptions!$B$13)/((D26+F26)/60),0) | J26: Passed | M26: =IF(J26="Took",L26,ROUND(G26*(1+Assumptions!$B$14)-(C26+E26)*Assumptions!$B$13,2)) | N26: Skip | O26: Skip | P26: Take | Q26: Take | R26: Busy | S26: 6edf7e
A27: 46299.603 | B27: Lyft | C27: 3.54 | D27: 11.2 | E27: 14.25 | F27: 39.3 | G27: 26.64 | H27: =IFERROR(G27/(C27+E27),0) | I27: =IFERROR((G27-(C27+E27)*Assumptions!$B$13)/((D27+F27)/60),0) | J27: Passed | M27: =IF(J27="Took",L27,ROUND(G27*(1+Assumptions!$B$14)-(C27+E27)*Assumptions!$B$13,2)) | N27: Skip | O27: Skip | P27: Busy | Q27: Busy | R27: Busy | S27: ed4bd3
A28: 46299.607 | B28: Lyft | C28: 1.33 | D28: 4.8 | E28: 25.77 | F28: 61.4 | G28: 12.03 | H28: =IFERROR(G28/(C28+E28),0) | I28: =IFERROR((G28-(C28+E28)*Assumptions!$B$13)/((D28+F28)/60),0) | J28: Took | K28: 12.03 | L28: 4.51 | M28: =IF(J28="Took",L28,ROUND(G28*(1+Assumptions!$B$14)-(C28+E28)*Assumptions!$B$13,2)) | N28: Take | O28: Take | P28: Skip | Q28: Skip | R28: Take | S28: 09bfcb
A29: 46299.612 | B29: Uber | C29: 2.25 | D29: 7.7 | E29: 4.06 | F29: 16.7 | G29: 12.54 | H29: =IFERROR(G29/(C29+E29),0) | I29: =IFERROR((G29-(C29+E29)*Assumptions!$B$13)/((D29+F29)/60),0) | J29: Took | K29: 12.54 | L29: 10.78 | M29: =IF(J29="Took",L29,ROUND(G29*(1+Assumptions!$B$14)-(C29+E29)*Assumptions!$B$13,2)) | N29: Take | O29: Skip | P29: Take | Q29: Take | R29: Take | S29: f1df54
A30: 46299.619 | B30: Uber | C30: 1.76 | D30: 5.6 | E30: 25.75 | F30: 62.5 | G30: 56.8 | H30: =IFERROR(G30/(C30+E30),0) | I30: =IFERROR((G30-(C30+E30)*Assumptions!$B$13)/((D30+F30)/60),0) | J30: Took | K30: 56.8 | L30: 49.1 | M30: =IF(J30="Took",L30,ROUND(G30*(1+Assumptions!$B$14)-(C30+E30)*Assumptions!$B$13,2)) | N30: Take | O30: Take | P30: Take | Q30: Take | R30: Take | S30: 96bbc7
A31: 46299.677 | B31: Lyft | C31: 1.49 | D31: 5.9 | E31: 12.73 | F31: 32.9 | G31: 25.26 | H31: =IFERROR(G31/(C31+E31),0) | I31: =IFERROR((G31-(C31+E31)*Assumptions!$B$13)/((D31+F31)/60),0) | J31: Passed | M31: =IF(J31="Took",L31,ROUND(G31*(1+Assumptions!$B$14)-(C31+E31)*Assumptions!$B$13,2)) | N31: Busy | O31: Busy | P31: Busy | Q31: Busy | R31: Busy | S31: b1d3fc
A32: 46299.686 | B32: Uber | C32: 1.54 | D32: 6 | E32: 13.06 | F32: 32 | G32: 8.46 | H32: =IFERROR(G32/(C32+E32),0) | I32: =IFERROR((G32-(C32+E32)*Assumptions!$B$13)/((D32+F32)/60),0) | J32: Took | K32: 12.41 | L32: 8.35 | M32: =IF(J32="Took",L32,ROUND(G32*(1+Assumptions!$B$14)-(C32+E32)*Assumptions!$B$13,2)) | N32: Take | O32: Take | P32: Skip | Q32: Skip | R32: Take | S32: 4c7a57
A33: 46299.74 | B33: Uber | C33: 1.96 | D33: 7.1 | E33: 8.13 | F33: 21.4 | G33: 15.29 | H33: =IFERROR(G33/(C33+E33),0) | I33: =IFERROR((G33-(C33+E33)*Assumptions!$B$13)/((D33+F33)/60),0) | J33: Passed | M33: =IF(J33="Took",L33,ROUND(G33*(1+Assumptions!$B$14)-(C33+E33)*Assumptions!$B$13,2)) | N33: Busy | O33: Busy | P33: Busy | Q33: Busy | R33: Busy | S33: 25be7c
A34: 46299.743 | B34: Uber | C34: 1.98 | D34: 7.1 | E34: 24.41 | F34: 57 | G34: 42.45 | H34: =IFERROR(G34/(C34+E34),0) | I34: =IFERROR((G34-(C34+E34)*Assumptions!$B$13)/((D34+F34)/60),0) | J34: Passed | M34: =IF(J34="Took",L34,ROUND(G34*(1+Assumptions!$B$14)-(C34+E34)*Assumptions!$B$13,2)) | N34: Busy | O34: Busy | P34: Busy | Q34: Busy | R34: Busy | S34: e4f01b
A35: 46299.745 | B35: Uber | C35: 1.65 | D35: 6.7 | E35: 3.32 | F35: 15.3 | G35: 19.02 | H35: =IFERROR(G35/(C35+E35),0) | I35: =IFERROR((G35-(C35+E35)*Assumptions!$B$13)/((D35+F35)/60),0) | J35: Took | K35: 19.02 | L35: 17.64 | M35: =IF(J35="Took",L35,ROUND(G35*(1+Assumptions!$B$14)-(C35+E35)*Assumptions!$B$13,2)) | N35: Take | O35: Take | P35: Take | Q35: Take | R35: Take | S35: 7fb440
A36: 46299.751 | B36: Lyft | C36: 0.65 | D36: 3.4 | E36: 12.79 | F36: 31.6 | G36: 26.44 | H36: =IFERROR(G36/(C36+E36),0) | I36: =IFERROR((G36-(C36+E36)*Assumptions!$B$13)/((D36+F36)/60),0) | J36: Took | K36: 26.44 | L36: 22.67 | M36: =IF(J36="Took",L36,ROUND(G36*(1+Assumptions!$B$14)-(C36+E36)*Assumptions!$B$13,2)) | N36: Take | O36: Take | P36: Take | Q36: Take | R36: Take | S36: 13faf0
A37: 46299.818 | B37: Lyft | C37: 1.9 | D37: 6.9 | E37: 2.64 | F37: 8.9 | G37: 8.77 | H37: =IFERROR(G37/(C37+E37),0) | I37: =IFERROR((G37-(C37+E37)*Assumptions!$B$13)/((D37+F37)/60),0) | J37: Passed | M37: =IF(J37="Took",L37,ROUND(G37*(1+Assumptions!$B$14)-(C37+E37)*Assumptions!$B$13,2)) | N37: Take | O37: Take | P37: Take | Q37: Take | R37: Take | S37: 8274a4
A38: 46299.829 | B38: Uber | C38: 0.58 | D38: 3 | E38: 27.36 | F38: 66.1 | G38: 40.95 | H38: =IFERROR(G38/(C38+E38),0) | I38: =IFERROR((G38-(C38+E38)*Assumptions!$B$13)/((D38+F38)/60),0) | J38: Took | K38: 47.93 | L38: 40.11 | M38: =IF(J38="Took",L38,ROUND(G38*(1+Assumptions!$B$14)-(C38+E38)*Assumptions!$B$13,2)) | N38: Take | O38: Take | P38: Take | Q38: Take | R38: Take | S38: 57750f
A39: 46299.893 | B39: Uber | C39: 2.64 | D39: 8.9 | E39: 21.99 | F39: 56.3 | G39: 39.13 | H39: =IFERROR(G39/(C39+E39),0) | I39: =IFERROR((G39-(C39+E39)*Assumptions!$B$13)/((D39+F39)/60),0) | J39: Passed | M39: =IF(J39="Took",L39,ROUND(G39*(1+Assumptions!$B$14)-(C39+E39)*Assumptions!$B$13,2)) | N39: Busy | O39: Skip | P39: Busy | Q39: Busy | R39: Busy | S39: 88a939
A40: 46299.906 | B40: Uber | C40: 1.11 | D40: 4.3 | E40: 28.74 | F40: 67.2 | G40: 37.69 | H40: =IFERROR(G40/(C40+E40),0) | I40: =IFERROR((G40-(C40+E40)*Assumptions!$B$13)/((D40+F40)/60),0) | J40: Took | K40: 37.69 | L40: 29.41 | M40: =IF(J40="Took",L40,ROUND(G40*(1+Assumptions!$B$14)-(C40+E40)*Assumptions!$B$13,2)) | N40: Take | O40: Take | P40: Take | Q40: Take | R40: Take | S40: b2c30a
A41: 46302.52 | B41: Uber | C41: 4.72 | D41: 14.3 | E41: 3.75 | F41: 15.9 | G41: 10.67 | H41: =IFERROR(G41/(C41+E41),0) | I41: =IFERROR((G41-(C41+E41)*Assumptions!$B$13)/((D41+F41)/60),0) | J41: Passed | M41: =IF(J41="Took",L41,ROUND(G41*(1+Assumptions!$B$14)-(C41+E41)*Assumptions!$B$13,2)) | N41: Skip | O41: Skip | P41: Take | Q41: Skip | R41: Busy | S41: 6fade5
A42: 46302.522 | B42: Lyft | C42: 1.97 | D42: 6.9 | E42: 25.9 | F42: 61.5 | G42: 23.51 | H42: =IFERROR(G42/(C42+E42),0) | I42: =IFERROR((G42-(C42+E42)*Assumptions!$B$13)/((D42+F42)/60),0) | J42: Took | K42: 25.66 | L42: 17.86 | M42: =IF(J42="Took",L42,ROUND(G42*(1+Assumptions!$B$14)-(C42+E42)*Assumptions!$B$13,2)) | N42: Take | O42: Take | P42: Skip | Q42: Skip | R42: Take | S42: 346b43
A43: 46303.533 | B43: Lyft | C43: 2.73 | D43: 9.1 | E43: 3.39 | F43: 13.4 | G43: 9.05 | H43: =IFERROR(G43/(C43+E43),0) | I43: =IFERROR((G43-(C43+E43)*Assumptions!$B$13)/((D43+F43)/60),0) | J43: Passed | M43: =IF(J43="Took",L43,ROUND(G43*(1+Assumptions!$B$14)-(C43+E43)*Assumptions!$B$13,2)) | N43: Busy | O43: Skip | P43: Busy | Q43: Skip | R43: Busy | S43: 5e5396
A44: 46303.542 | B44: Uber | C44: 0.71 | D44: 3.5 | E44: 28.29 | F44: 67.4 | G44: 46.59 | H44: =IFERROR(G44/(C44+E44),0) | I44: =IFERROR((G44-(C44+E44)*Assumptions!$B$13)/((D44+F44)/60),0) | J44: Took | K44: 46.59 | L44: 38.44 | M44: =IF(J44="Took",L44,ROUND(G44*(1+Assumptions!$B$14)-(C44+E44)*Assumptions!$B$13,2)) | N44: Take | O44: Take | P44: Take | Q44: Take | R44: Take | S44: 3c99e2
A45: 46303.669 | B45: Lyft | C45: 3.08 | D45: 10 | E45: 22.87 | F45: 53.9 | G45: 40.86 | H45: =IFERROR(G45/(C45+E45),0) | I45: =IFERROR((G45-(C45+E45)*Assumptions!$B$13)/((D45+F45)/60),0) | J45: Passed | M45: =IF(J45="Took",L45,ROUND(G45*(1+Assumptions!$B$14)-(C45+E45)*Assumptions!$B$13,2)) | N45: Skip | O45: Skip | P45: Busy | Q45: Busy | R45: Busy | S45: 36d836
A46: 46303.669 | B46: Uber | C46: 3.71 | D46: 11.6 | E46: 20.07 | F46: 50.7 | G46: 37.32 | H46: =IFERROR(G46/(C46+E46),0) | I46: =IFERROR((G46-(C46+E46)*Assumptions!$B$13)/((D46+F46)/60),0) | J46: Passed | M46: =IF(J46="Took",L46,ROUND(G46*(1+Assumptions!$B$14)-(C46+E46)*Assumptions!$B$13,2)) | N46: Skip | O46: Skip | P46: Busy | Q46: Busy | R46: Busy | S46: 0532f8
A47: 46303.674 | B47: Uber | C47: 0.5 | D47: 3.2 | E47: 19.42 | F47: 46.6 | G47: 34.93 | H47: =IFERROR(G47/(C47+E47),0) | I47: =IFERROR((G47-(C47+E47)*Assumptions!$B$13)/((D47+F47)/60),0) | J47: Took | K47: 34.93 | L47: 29.4 | M47: =IF(J47="Took",L47,ROUND(G47*(1+Assumptions!$B$14)-(C47+E47)*Assumptions!$B$13,2)) | N47: Take | O47: Take | P47: Take | Q47: Take | R47: Take | S47: 5b2711
A48: 46303.678 | B48: Uber | C48: 2.18 | D48: 7.2 | E48: 22.94 | F48: 59.8 | G48: 40.18 | H48: =IFERROR(G48/(C48+E48),0) | I48: =IFERROR((G48-(C48+E48)*Assumptions!$B$13)/((D48+F48)/60),0) | J48: Took | K48: 42.81 | L48: 35.76 | M48: =IF(J48="Took",L48,ROUND(G48*(1+Assumptions!$B$14)-(C48+E48)*Assumptions!$B$13,2)) | N48: Take | O48: Skip | P48: Take | Q48: Take | R48: Take | S48: 49bf75
A49: 46303.704 | B49: Lyft | C49: 2.24 | D49: 7.8 | E49: 12.84 | F49: 32.1 | G49: 25.06 | H49: =IFERROR(G49/(C49+E49),0) | I49: =IFERROR((G49-(C49+E49)*Assumptions!$B$13)/((D49+F49)/60),0) | J49: Passed | M49: =IF(J49="Took",L49,ROUND(G49*(1+Assumptions!$B$14)-(C49+E49)*Assumptions!$B$13,2)) | N49: Busy | O49: Skip | P49: Busy | Q49: Busy | R49: Busy | S49: 64bcf3
A50: 46303.71 | B50: Uber | C50: 1.57 | D50: 5.8 | E50: 27.23 | F50: 69.3 | G50: 40.59 | H50: =IFERROR(G50/(C50+E50),0) | I50: =IFERROR((G50-(C50+E50)*Assumptions!$B$13)/((D50+F50)/60),0) | J50: Took | K50: 40.59 | L50: 32.62 | M50: =IF(J50="Took",L50,ROUND(G50*(1+Assumptions!$B$14)-(C50+E50)*Assumptions!$B$13,2)) | N50: Take | O50: Take | P50: Take | Q50: Take | R50: Take | S50: 4aca81
A51: 46303.759 | B51: Uber | C51: 2.17 | D51: 7.6 | E51: 4.8 | F51: 15 | G51: 11.81 | H51: =IFERROR(G51/(C51+E51),0) | I51: =IFERROR((G51-(C51+E51)*Assumptions!$B$13)/((D51+F51)/60),0) | J51: Passed | M51: =IF(J51="Took",L51,ROUND(G51*(1+Assumptions!$B$14)-(C51+E51)*Assumptions!$B$13,2)) | N51: Busy | O51: Skip | P51: Busy | Q51: Busy | R51: Busy | S51: 268a81
A52: 46303.763 | B52: Uber | C52: 1.41 | D52: 4.9 | E52: 3.43 | F52: 13.2 | G52: 15.95 | H52: =IFERROR(G52/(C52+E52),0) | I52: =IFERROR((G52-(C52+E52)*Assumptions!$B$13)/((D52+F52)/60),0) | J52: Took | K52: 15.95 | L52: 14.59 | M52: =IF(J52="Took",L52,ROUND(G52*(1+Assumptions!$B$14)-(C52+E52)*Assumptions!$B$13,2)) | N52: Take | O52: Take | P52: Take | Q52: Take | R52: Take | S52: c1f714
A53: 46303.785 | B53: Lyft | C53: 3.21 | D53: 10.3 | E53: 3.79 | F53: 11.4 | G53: 9.13 | H53: =IFERROR(G53/(C53+E53),0) | I53: =IFERROR((G53-(C53+E53)*Assumptions!$B$13)/((D53+F53)/60),0) | J53: Passed | M53: =IF(J53="Took",L53,ROUND(G53*(1+Assumptions!$B$14)-(C53+E53)*Assumptions!$B$13,2)) | N53: Skip | O53: Skip | P53: Busy | Q53: Skip | R53: Busy | S53: 2e7536
A54: 46303.788 | B54: Uber | C54: 0.91 | D54: 3.9 | E54: 7.01 | F54: 25.1 | G54: 7.35 | H54: =IFERROR(G54/(C54+E54),0) | I54: =IFERROR((G54-(C54+E54)*Assumptions!$B$13)/((D54+F54)/60),0) | J54: Took | K54: 7.35 | L54: 5.11 | M54: =IF(J54="Took",L54,ROUND(G54*(1+Assumptions!$B$14)-(C54+E54)*Assumptions!$B$13,2)) | N54: Take | O54: Take | P54: Skip | Q54: Skip | R54: Take | S54: 0be7cb
A55: 46303.807 | B55: Uber | C55: 1.91 | D55: 7 | E55: 19.61 | F55: 49.8 | G55: 36.55 | H55: =IFERROR(G55/(C55+E55),0) | I55: =IFERROR((G55-(C55+E55)*Assumptions!$B$13)/((D55+F55)/60),0) | J55: Passed | M55: =IF(J55="Took",L55,ROUND(G55*(1+Assumptions!$B$14)-(C55+E55)*Assumptions!$B$13,2)) | N55: Busy | O55: Busy | P55: Busy | Q55: Busy | R55: Busy | S55: 6dbbd9
A56: 46303.817 | B56: Uber | C56: 1.59 | D56: 5.3 | E56: 9.95 | F56: 30.3 | G56: 14.92 | H56: =IFERROR(G56/(C56+E56),0) | I56: =IFERROR((G56-(C56+E56)*Assumptions!$B$13)/((D56+F56)/60),0) | J56: Took | K56: 14.92 | L56: 11.72 | M56: =IF(J56="Took",L56,ROUND(G56*(1+Assumptions!$B$14)-(C56+E56)*Assumptions!$B$13,2)) | N56: Take | O56: Take | P56: Take | Q56: Skip | R56: Take | S56: 9e9ba1
A57: 46305.319 | B57: Uber | C57: 0.84 | D57: 4 | E57: 2.68 | F57: 14.8 | G57: 17.93 | H57: =IFERROR(G57/(C57+E57),0) | I57: =IFERROR((G57-(C57+E57)*Assumptions!$B$13)/((D57+F57)/60),0) | J57: Took | K57: 17.93 | L57: 16.95 | M57: =IF(J57="Took",L57,ROUND(G57*(1+Assumptions!$B$14)-(C57+E57)*Assumptions!$B$13,2)) | N57: Take | O57: Take | P57: Take | Q57: Take | R57: Take | S57: bd1e08
A58: 46305.457 | B58: Uber | C58: 3.06 | D58: 9.7 | E58: 6.12 | F58: 17.9 | G58: 11.88 | H58: =IFERROR(G58/(C58+E58),0) | I58: =IFERROR((G58-(C58+E58)*Assumptions!$B$13)/((D58+F58)/60),0) | J58: Took | K58: 11.88 | L58: 9.3 | M58: =IF(J58="Took",L58,ROUND(G58*(1+Assumptions!$B$14)-(C58+E58)*Assumptions!$B$13,2)) | N58: Skip | O58: Skip | P58: Take | Q58: Take | R58: Take | S58: 3e20b5
A59: 46305.49 | B59: Uber | C59: 2.1 | D59: 6.9 | E59: 24.18 | F59: 62.4 | G59: 46.02 | H59: =IFERROR(G59/(C59+E59),0) | I59: =IFERROR((G59-(C59+E59)*Assumptions!$B$13)/((D59+F59)/60),0) | J59: Took | K59: 56.89 | L59: 49.5 | M59: =IF(J59="Took",L59,ROUND(G59*(1+Assumptions!$B$14)-(C59+E59)*Assumptions!$B$13,2)) | N59: Take | O59: Skip | P59: Take | Q59: Take | R59: Take | S59: 79f550
A60: 46305.491 | B60: Lyft | C60: 5.06 | D60: 14.5 | E60: 15.29 | F60: 35.3 | G60: 16.01 | H60: =IFERROR(G60/(C60+E60),0) | I60: =IFERROR((G60-(C60+E60)*Assumptions!$B$13)/((D60+F60)/60),0) | J60: Took | K60: 16.01 | L60: 10.33 | M60: =IF(J60="Took",L60,ROUND(G60*(1+Assumptions!$B$14)-(C60+E60)*Assumptions!$B$13,2)) | N60: Skip | O60: Skip | P60: Skip | Q60: Skip | R60: Take | S60: f2003d
A61: 46305.622 | B61: Lyft | C61: 3.58 | D61: 11.3 | E61: 24.83 | F61: 59 | G61: 43.01 | H61: =IFERROR(G61/(C61+E61),0) | I61: =IFERROR((G61-(C61+E61)*Assumptions!$B$13)/((D61+F61)/60),0) | J61: Passed | M61: =IF(J61="Took",L61,ROUND(G61*(1+Assumptions!$B$14)-(C61+E61)*Assumptions!$B$13,2)) | N61: Skip | O61: Skip | P61: Busy | Q61: Busy | R61: Busy | S61: 84d712
A62: 46305.633 | B62: Uber | C62: 1.22 | D62: 5.2 | E62: 11.77 | F62: 34.7 | G62: 25.77 | H62: =IFERROR(G62/(C62+E62),0) | I62: =IFERROR((G62-(C62+E62)*Assumptions!$B$13)/((D62+F62)/60),0) | J62: Took | K62: 25.77 | L62: 22.09 | M62: =IF(J62="Took",L62,ROUND(G62*(1+Assumptions!$B$14)-(C62+E62)*Assumptions!$B$13,2)) | N62: Take | O62: Take | P62: Take | Q62: Take | R62: Take | S62: a808b0
A63: 46305.633 | B63: Lyft | C63: 3.74 | D63: 11.7 | E63: 10.74 | F63: 29 | G63: 22.16 | H63: =IFERROR(G63/(C63+E63),0) | I63: =IFERROR((G63-(C63+E63)*Assumptions!$B$13)/((D63+F63)/60),0) | J63: Passed | M63: =IF(J63="Took",L63,ROUND(G63*(1+Assumptions!$B$14)-(C63+E63)*Assumptions!$B$13,2)) | N63: Skip | O63: Skip | P63: Busy | Q63: Busy | R63: Busy | S63: deb08c
A64: 46305.64 | B64: Uber | C64: 0.65 | D64: 3.9 | E64: 2.22 | F64: 9.4 | G64: 22.53 | H64: =IFERROR(G64/(C64+E64),0) | I64: =IFERROR((G64-(C64+E64)*Assumptions!$B$13)/((D64+F64)/60),0) | J64: Took | K64: 22.53 | L64: 21.73 | M64: =IF(J64="Took",L64,ROUND(G64*(1+Assumptions!$B$14)-(C64+E64)*Assumptions!$B$13,2)) | N64: Take | O64: Take | P64: Take | Q64: Take | R64: Take | S64: 190e76
A65: 46305.648 | B65: Uber | C65: 3.22 | D65: 11.1 | E65: 9.56 | F65: 30 | G65: 15.16 | H65: =IFERROR(G65/(C65+E65),0) | I65: =IFERROR((G65-(C65+E65)*Assumptions!$B$13)/((D65+F65)/60),0) | J65: Took | K65: 15.16 | L65: 11.6 | M65: =IF(J65="Took",L65,ROUND(G65*(1+Assumptions!$B$14)-(C65+E65)*Assumptions!$B$13,2)) | N65: Skip | O65: Skip | P65: Take | Q65: Skip | R65: Take | S65: 4c6b2c
A66: 46305.769 | B66: Uber | C66: 2.8 | D66: 9.3 | E66: 15.85 | F66: 40.1 | G66: 29.13 | H66: =IFERROR(G66/(C66+E66),0) | I66: =IFERROR((G66-(C66+E66)*Assumptions!$B$13)/((D66+F66)/60),0) | J66: Passed | M66: =IF(J66="Took",L66,ROUND(G66*(1+Assumptions!$B$14)-(C66+E66)*Assumptions!$B$13,2)) | N66: Busy | O66: Skip | P66: Take | Q66: Take | R66: Busy | S66: dbe80f
A67: 46305.773 | B67: Uber | C67: 1.34 | D67: 6.3 | E67: 8.57 | F67: 24 | G67: 9.2 | H67: =IFERROR(G67/(C67+E67),0) | I67: =IFERROR((G67-(C67+E67)*Assumptions!$B$13)/((D67+F67)/60),0) | J67: Took | K67: 15.09 | L67: 12.34 | M67: =IF(J67="Took",L67,ROUND(G67*(1+Assumptions!$B$14)-(C67+E67)*Assumptions!$B$13,2)) | N67: Take | O67: Take | P67: Skip | Q67: Skip | R67: Take | S67: a53e68
A68: 46306.294 | B68: Lyft | C68: 5.21 | D68: 15.5 | E68: 2.62 | F68: 10.1 | G68: 8.33 | H68: =IFERROR(G68/(C68+E68),0) | I68: =IFERROR((G68-(C68+E68)*Assumptions!$B$13)/((D68+F68)/60),0) | J68: Passed | M68: =IF(J68="Took",L68,ROUND(G68*(1+Assumptions!$B$14)-(C68+E68)*Assumptions!$B$13,2)) | N68: Skip | O68: Skip | P68: Take | Q68: Skip | R68: Busy | S68: 41d7d8
A69: 46306.306 | B69: Lyft | C69: 1.16 | D69: 5.7 | E69: 22.32 | F69: 53.5 | G69: 15.76 | H69: =IFERROR(G69/(C69+E69),0) | I69: =IFERROR((G69-(C69+E69)*Assumptions!$B$13)/((D69+F69)/60),0) | J69: Took | K69: 15.76 | L69: 9.19 | M69: =IF(J69="Took",L69,ROUND(G69*(1+Assumptions!$B$14)-(C69+E69)*Assumptions!$B$13,2)) | N69: Take | O69: Take | P69: Skip | Q69: Skip | R69: Take | S69: 7b44a3
A70: 46306.434 | B70: Uber | C70: 2.09 | D70: 7.4 | E70: 13.24 | F70: 36 | G70: 24.96 | H70: =IFERROR(G70/(C70+E70),0) | I70: =IFERROR((G70-(C70+E70)*Assumptions!$B$13)/((D70+F70)/60),0) | J70: Passed | M70: =IF(J70="Took",L70,ROUND(G70*(1+Assumptions!$B$14)-(C70+E70)*Assumptions!$B$13,2)) | N70: Busy | O70: Skip | P70: Busy | Q70: Busy | R70: Busy | S70: 5124e9
A71: 46306.442 | B71: Lyft | C71: 0.34 | D71: 3.4 | E71: 15.62 | F71: 41 | G71: 35.46 | H71: =IFERROR(G71/(C71+E71),0) | I71: =IFERROR((G71-(C71+E71)*Assumptions!$B$13)/((D71+F71)/60),0) | J71: Took | K71: 35.46 | L71: 30.99 | M71: =IF(J71="Took",L71,ROUND(G71*(1+Assumptions!$B$14)-(C71+E71)*Assumptions!$B$13,2)) | N71: Take | O71: Take | P71: Take | Q71: Take | R71: Take | S71: 91d3fa
A72: 46306.517 | B72: Lyft | C72: 1.4 | D72: 5.6 | E72: 24.66 | F72: 61 | G72: 44.16 | H72: =IFERROR(G72/(C72+E72),0) | I72: =IFERROR((G72-(C72+E72)*Assumptions!$B$13)/((D72+F72)/60),0) | J72: Passed | M72: =IF(J72="Took",L72,ROUND(G72*(1+Assumptions!$B$14)-(C72+E72)*Assumptions!$B$13,2)) | N72: Busy | O72: Busy | P72: Busy | Q72: Busy | R72: Busy | S72: cecb29
A73: 46306.523 | B73: Uber | C73: 0.63 | D73: 4 | E73: 12.49 | F73: 35.6 | G73: 27.69 | H73: =IFERROR(G73/(C73+E73),0) | I73: =IFERROR((G73-(C73+E73)*Assumptions!$B$13)/((D73+F73)/60),0) | J73: Took | K73: 27.69 | L73: 24.03 | M73: =IF(J73="Took",L73,ROUND(G73*(1+Assumptions!$B$14)-(C73+E73)*Assumptions!$B$13,2)) | N73: Take | O73: Take | P73: Take | Q73: Take | R73: Take | S73: ffd76d
A74: 46306.616 | B74: Uber | C74: 2.89 | D74: 10.5 | E74: 10.69 | F74: 32.5 | G74: 17.63 | H74: =IFERROR(G74/(C74+E74),0) | I74: =IFERROR((G74-(C74+E74)*Assumptions!$B$13)/((D74+F74)/60),0) | J74: Took | K74: 28.7 | L74: 24.89 | M74: =IF(J74="Took",L74,ROUND(G74*(1+Assumptions!$B$14)-(C74+E74)*Assumptions!$B$13,2)) | N74: Take | O74: Skip | P74: Take | Q74: Skip | R74: Take | S74: f937b0
A75: 46306.657 | B75: Uber | C75: 2.8 | D75: 9.3 | E75: 5.37 | F75: 15 | G75: 12.54 | H75: =IFERROR(G75/(C75+E75),0) | I75: =IFERROR((G75-(C75+E75)*Assumptions!$B$13)/((D75+F75)/60),0) | J75: Passed | M75: =IF(J75="Took",L75,ROUND(G75*(1+Assumptions!$B$14)-(C75+E75)*Assumptions!$B$13,2)) | N75: Take | O75: Skip | P75: Busy | Q75: Busy | R75: Busy | S75: ebb555
A76: 46306.661 | B76: Lyft | C76: 3.25 | D76: 10.1 | E76: 8.45 | F76: 26.1 | G76: 17.75 | H76: =IFERROR(G76/(C76+E76),0) | I76: =IFERROR((G76-(C76+E76)*Assumptions!$B$13)/((D76+F76)/60),0) | J76: Took | K76: 20.01 | L76: 16.72 | M76: =IF(J76="Took",L76,ROUND(G76*(1+Assumptions!$B$14)-(C76+E76)*Assumptions!$B$13,2)) | N76: Skip | O76: Skip | P76: Take | Q76: Take | R76: Take | S76: 8b06b4
A77: 46306.738 | B77: Lyft | C77: 2.6 | D77: 8.8 | E77: 21.01 | F77: 52 | G77: 36.71 | H77: =IFERROR(G77/(C77+E77),0) | I77: =IFERROR((G77-(C77+E77)*Assumptions!$B$13)/((D77+F77)/60),0) | J77: Passed | M77: =IF(J77="Took",L77,ROUND(G77*(1+Assumptions!$B$14)-(C77+E77)*Assumptions!$B$13,2)) | N77: Busy | O77: Skip | P77: Busy | Q77: Busy | R77: Busy | S77: 83ead4
A78: 46306.741 | B78: Uber | C78: 1.32 | D78: 6.4 | E78: 8.8 | F78: 27.5 | G78: 19.39 | H78: =IFERROR(G78/(C78+E78),0) | I78: =IFERROR((G78-(C78+E78)*Assumptions!$B$13)/((D78+F78)/60),0) | J78: Took | K78: 25.81 | L78: 22.98 | M78: =IF(J78="Took",L78,ROUND(G78*(1+Assumptions!$B$14)-(C78+E78)*Assumptions!$B$13,2)) | N78: Take | O78: Take | P78: Take | Q78: Take | R78: Take | S78: acc58c
A79: 46306.838 | B79: Lyft | C79: 2.34 | D79: 8.1 | E79: 4.22 | F79: 16.7 | G79: 12.3 | H79: =IFERROR(G79/(C79+E79),0) | I79: =IFERROR((G79-(C79+E79)*Assumptions!$B$13)/((D79+F79)/60),0) | J79: Passed | M79: =IF(J79="Took",L79,ROUND(G79*(1+Assumptions!$B$14)-(C79+E79)*Assumptions!$B$13,2)) | N79: Busy | O79: Skip | P79: Busy | Q79: Take | R79: Busy | S79: baae95
A80: 46306.844 | B80: Uber | C80: 1.9 | D80: 6.5 | E80: 8.74 | F80: 23.1 | G80: 11.92 | H80: =IFERROR(G80/(C80+E80),0) | I80: =IFERROR((G80-(C80+E80)*Assumptions!$B$13)/((D80+F80)/60),0) | J80: Took | K80: 11.92 | L80: 8.95 | M80: =IF(J80="Took",L80,ROUND(G80*(1+Assumptions!$B$14)-(C80+E80)*Assumptions!$B$13,2)) | N80: Take | O80: Take | P80: Take | Q80: Skip | R80: Take | S80: 47a64b
A81: 46306.911 | B81: Lyft | C81: 3.65 | D81: 11.5 | E81: 10.37 | F81: 29 | G81: 20.42 | H81: =IFERROR(G81/(C81+E81),0) | I81: =IFERROR((G81-(C81+E81)*Assumptions!$B$13)/((D81+F81)/60),0) | J81: Passed | M81: =IF(J81="Took",L81,ROUND(G81*(1+Assumptions!$B$14)-(C81+E81)*Assumptions!$B$13,2)) | N81: Skip | O81: Skip | P81: Busy | Q81: Busy | R81: Busy | S81: 31c8bc
A82: 46306.915 | B82: Uber | C82: 3.75 | D82: 12 | E82: 29.01 | F82: 69.2 | G82: 38.42 | H82: =IFERROR(G82/(C82+E82),0) | I82: =IFERROR((G82-(C82+E82)*Assumptions!$B$13)/((D82+F82)/60),0) | J82: Took | K82: 48.57 | L82: 39.41 | M82: =IF(J82="Took",L82,ROUND(G82*(1+Assumptions!$B$14)-(C82+E82)*Assumptions!$B$13,2)) | N82: Skip | O82: Skip | P82: Take | Q82: Take | R82: Take | S82: 01d51b
A83: 46308.244 | B83: Lyft | C83: 1.47 | D83: 5.8 | E83: 14.97 | F83: 39 | G83: 27.4 | H83: =IFERROR(G83/(C83+E83),0) | I83: =IFERROR((G83-(C83+E83)*Assumptions!$B$13)/((D83+F83)/60),0) | J83: Passed | M83: =IF(J83="Took",L83,ROUND(G83*(1+Assumptions!$B$14)-(C83+E83)*Assumptions!$B$13,2)) | N83: Busy | O83: Busy | P83: Busy | Q83: Busy | R83: Busy | S83: 2f33e3
A84: 46308.253 | B84: Lyft | C84: 0.82 | D84: 3.4 | E84: 6.47 | F84: 19.6 | G84: 40.61 | H84: =IFERROR(G84/(C84+E84),0) | I84: =IFERROR((G84-(C84+E84)*Assumptions!$B$13)/((D84+F84)/60),0) | J84: Took | K84: 47.17 | L84: 45.14 | M84: =IF(J84="Took",L84,ROUND(G84*(1+Assumptions!$B$14)-(C84+E84)*Assumptions!$B$13,2)) | N84: Take | O84: Take | P84: Take | Q84: Take | R84: Take | S84: bd8c1a
A85: 46308.622 | B85: Lyft | C85: 1.78 | D85: 6.6 | E85: 12.11 | F85: 30.4 | G85: 22.64 | H85: =IFERROR(G85/(C85+E85),0) | I85: =IFERROR((G85-(C85+E85)*Assumptions!$B$13)/((D85+F85)/60),0) | J85: Passed | M85: =IF(J85="Took",L85,ROUND(G85*(1+Assumptions!$B$14)-(C85+E85)*Assumptions!$B$13,2)) | N85: Busy | O85: Busy | P85: Busy | Q85: Busy | R85: Busy | S85: 267448
A86: 46308.628 | B86: Lyft | C86: 0.84 | D86: 5 | E86: 9.19 | F86: 26.1 | G86: 15.34 | H86: =IFERROR(G86/(C86+E86),0) | I86: =IFERROR((G86-(C86+E86)*Assumptions!$B$13)/((D86+F86)/60),0) | J86: Took | K86: 15.34 | L86: 12.53 | M86: =IF(J86="Took",L86,ROUND(G86*(1+Assumptions!$B$14)-(C86+E86)*Assumptions!$B$13,2)) | N86: Take | O86: Take | P86: Take | Q86: Take | R86: Take | S86: 527775
A87: 46308.772 | B87: Lyft | C87: 2.37 | D87: 9.1 | E87: 13.99 | F87: 35.5 | G87: 10.71 | H87: =IFERROR(G87/(C87+E87),0) | I87: =IFERROR((G87-(C87+E87)*Assumptions!$B$13)/((D87+F87)/60),0) | J87: Took | K87: 10.71 | L87: 6.13 | M87: =IF(J87="Took",L87,ROUND(G87*(1+Assumptions!$B$14)-(C87+E87)*Assumptions!$B$13,2)) | N87: Take | O87: Skip | P87: Skip | Q87: Skip | R87: Take | S87: d090ac
A88: 46309.681 | B88: Uber | C88: 1.6 | D88: 7.1 | E88: 12.07 | F88: 29.8 | G88: 12.36 | H88: =IFERROR(G88/(C88+E88),0) | I88: =IFERROR((G88-(C88+E88)*Assumptions!$B$13)/((D88+F88)/60),0) | J88: Took | K88: 12.36 | L88: 8.57 | M88: =IF(J88="Took",L88,ROUND(G88*(1+Assumptions!$B$14)-(C88+E88)*Assumptions!$B$13,2)) | N88: Take | O88: Take | P88: Skip | Q88: Skip | R88: Take | S88: 80e7e4
A89: 46309.686 | B89: Uber | C89: 2.24 | D89: 7.8 | E89: 4.01 | F89: 12.6 | G89: 8.45 | H89: =IFERROR(G89/(C89+E89),0) | I89: =IFERROR((G89-(C89+E89)*Assumptions!$B$13)/((D89+F89)/60),0) | J89: Passed | M89: =IF(J89="Took",L89,ROUND(G89*(1+Assumptions!$B$14)-(C89+E89)*Assumptions!$B$13,2)) | N89: Busy | O89: Skip | P89: Take | Q89: Skip | R89: Busy | S89: 8d4e35
A90: 46309.696 | B90: Uber | C90: 1.66 | D90: 6.2 | E90: 10.14 | F90: 29.7 | G90: 23.11 | H90: =IFERROR(G90/(C90+E90),0) | I90: =IFERROR((G90-(C90+E90)*Assumptions!$B$13)/((D90+F90)/60),0) | J90: Took | K90: 23.11 | L90: 19.81 | M90: =IF(J90="Took",L90,ROUND(G90*(1+Assumptions!$B$14)-(C90+E90)*Assumptions!$B$13,2)) | N90: Take | O90: Take | P90: Take | Q90: Take | R90: Take | S90: 9b9af4
A91: 46309.704 | B91: Lyft | C91: 2.32 | D91: 8 | E91: 24.46 | F91: 60.5 | G91: 43.77 | H91: =IFERROR(G91/(C91+E91),0) | I91: =IFERROR((G91-(C91+E91)*Assumptions!$B$13)/((D91+F91)/60),0) | J91: Passed | M91: =IF(J91="Took",L91,ROUND(G91*(1+Assumptions!$B$14)-(C91+E91)*Assumptions!$B$13,2)) | N91: Busy | O91: Skip | P91: Busy | Q91: Busy | R91: Busy | S91: d72423
A92: 46309.711 | B92: Uber | C92: 2.4 | D92: 8.8 | E92: 4.63 | F92: 16.4 | G92: 7.24 | H92: =IFERROR(G92/(C92+E92),0) | I92: =IFERROR((G92-(C92+E92)*Assumptions!$B$13)/((D92+F92)/60),0) | J92: Took | K92: 12.54 | L92: 10.57 | M92: =IF(J92="Took",L92,ROUND(G92*(1+Assumptions!$B$14)-(C92+E92)*Assumptions!$B$13,2)) | N92: Take | O92: Skip | P92: Take | Q92: Skip | R92: Take | S92: 40a8df
A93: 46309.733 | B93: Uber | C93: 1.2 | D93: 5.1 | E93: 8.63 | F93: 22.8 | G93: 16.99 | H93: =IFERROR(G93/(C93+E93),0) | I93: =IFERROR((G93-(C93+E93)*Assumptions!$B$13)/((D93+F93)/60),0) | J93: Passed | M93: =IF(J93="Took",L93,ROUND(G93*(1+Assumptions!$B$14)-(C93+E93)*Assumptions!$B$13,2)) | N93: Busy | O93: Busy | P93: Busy | Q93: Busy | R93: Busy | S93: bd5a6c
A94: 46309.736 | B94: Uber | C94: 0.53 | D94: 3.4 | E94: 21.03 | F94: 51.6 | G94: 50.84 | H94: =IFERROR(G94/(C94+E94),0) | I94: =IFERROR((G94-(C94+E94)*Assumptions!$B$13)/((D94+F94)/60),0) | J94: Took | K94: 58.43 | L94: 52.35 | M94: =IF(J94="Took",L94,ROUND(G94*(1+Assumptions!$B$14)-(C94+E94)*Assumptions!$B$13,2)) | N94: Take | O94: Take | P94: Take | Q94: Take | R94: Take | S94: 6e9528
A95: 46309.816 | B95: Uber | C95: 4.1 | D95: 12.7 | E95: 19.63 | F95: 46.5 | G95: 36.05 | H95: =IFERROR(G95/(C95+E95),0) | I95: =IFERROR((G95-(C95+E95)*Assumptions!$B$13)/((D95+F95)/60),0) | J95: Passed | M95: =IF(J95="Took",L95,ROUND(G95*(1+Assumptions!$B$14)-(C95+E95)*Assumptions!$B$13,2)) | N95: Skip | O95: Skip | P95: Busy | Q95: Busy | R95: Busy | S95: 3435e7
A96: 46309.822 | B96: Uber | C96: 1.34 | D96: 6.2 | E96: 2.53 | F96: 12.4 | G96: 7.59 | H96: =IFERROR(G96/(C96+E96),0) | I96: =IFERROR((G96-(C96+E96)*Assumptions!$B$13)/((D96+F96)/60),0) | J96: Took | K96: 7.59 | L96: 6.51 | M96: =IF(J96="Took",L96,ROUND(G96*(1+Assumptions!$B$14)-(C96+E96)*Assumptions!$B$13,2)) | N96: Take | O96: Take | P96: Take | Q96: Take | R96: Take | S96: 625f5f
A97: 46309.84 | B97: Lyft | C97: 1.65 | D97: 6.3 | E97: 12.6 | F97: 35 | G97: 25 | H97: =IFERROR(G97/(C97+E97),0) | I97: =IFERROR((G97-(C97+E97)*Assumptions!$B$13)/((D97+F97)/60),0) | J97: Passed | M97: =IF(J97="Took",L97,ROUND(G97*(1+Assumptions!$B$14)-(C97+E97)*Assumptions!$B$13,2)) | N97: Busy | O97: Busy | P97: Busy | Q97: Busy | R97: Busy | S97: c303dc
A98: 46309.841 | B98: Uber | C98: 1.95 | D98: 7.3 | E98: 11.78 | F98: 35 | G98: 22.38 | H98: =IFERROR(G98/(C98+E98),0) | I98: =IFERROR((G98-(C98+E98)*Assumptions!$B$13)/((D98+F98)/60),0) | J98: Took | K98: 30.2 | L98: 26.36 | M98: =IF(J98="Took",L98,ROUND(G98*(1+Assumptions!$B$14)-(C98+E98)*Assumptions!$B$13,2)) | N98: Take | O98: Take | P98: Take | Q98: Take | R98: Take | S98: cc7250
A99: 46309.885 | B99: Uber | C99: 7.51 | D99: 21.5 | E99: 9.15 | F99: 23.9 | G99: 17.24 | H99: =IFERROR(G99/(C99+E99),0) | I99: =IFERROR((G99-(C99+E99)*Assumptions!$B$13)/((D99+F99)/60),0) | J99: Passed | M99: =IF(J99="Took",L99,ROUND(G99*(1+Assumptions!$B$14)-(C99+E99)*Assumptions!$B$13,2)) | N99: Skip | O99: Skip | P99: Busy | Q99: Skip | R99: Busy | S99: b1c7f7
A100: 46309.889 | B100: Uber | C100: 0.51 | D100: 2.6 | E100: 29.3 | F100: 69.8 | G100: 48.54 | H100: =IFERROR(G100/(C100+E100),0) | I100: =IFERROR((G100-(C100+E100)*Assumptions!$B$13)/((D100+F100)/60),0) | J100: Took | K100: 48.54 | L100: 40.14 | M100: =IF(J100="Took",L100,ROUND(G100*(1+Assumptions!$B$14)-(C100+E100)*Assumptions!$B$13,2)) | N100: Take | O100: Take | P100: Take | Q100: Take | R100: Take | S100: 61d9af
...
